Workbook

Sheet Dashboard & Metrics
A1: TaskWorker Pro — Executive QA Quality Dashboard & Metrics
A2: Laporan Pengujian Mutu Terstandarisasi Lintas 19 Modul Sistem (FSD 5.22)
A4: TOTAL SKENARIO UJI | C4: TOTAL DIEKSEKUSI | E4: PASS (LULUS) | F4: FAIL (GAGAL) | G4: BLOCKED (TERTAHAN) | H4: UNTESTED | I4: % PENYELESAIAN | K4: % PASS RATE
A5: =COUNTA('E2E Test Cases Master'!A4:A75) | C5: =COUNTIF('E2E Test Cases Master'!H4:H75,"Pass")+COUNTIF('E2E Test Cases Master'!H4:H75,"Fail")+COUNTIF('E2E Test Cases Master'!H4:H75,"Blocked") | E5: =COUNTIF('E2E Test Cases Master'!H4:H75,"Pass") | F5: =COUNTIF('E2E Test Cases Master'!H4:H75,"Fail") | G5: =COUNTIF('E2E Test Cases Master'!H4:H75,"Blocked") | H5: =COUNTIF('E2E Test Cases Master'!H4:H75,"Untested") | I5: =C5/A5 | K5: =E5/IF(C5>0,C5,1)
A8: TABEL KEMAJUAN & HASIL PENGUJIAN PER 19 MODUL SISTEM
A9: No | B9: Kode Modul | C9: Nama Modul Aplikasi | D9: Total Kasus | E9: Pass | F9: Fail | G9: Blocked | H9: Untested | I9: % Pass Rate | J9: Status Kesiapan
A10: 1 | B10: AUTH | C10: Autentikasi Ganda & Session | D10: =COUNTIF('E2E Test Cases Master'!B4:B75, "Autentikasi Ganda & Session") | E10: =COUNTIFS('E2E Test Cases Master'!B4:B75, "Autentikasi Ganda & Session", 'E2E Test Cases Master'!H4:H75, "Pass") | F10: =COUNTIFS('E2E Test Cases Master'!B4:B75, "Autentikasi Ganda & Session", 'E2E Test Cases Master'!H4:H75, "Fail") | G10: =COUNTIFS('E2E Test Cases Master'!B4:B75, "Autentikasi Ganda & Session", 'E2E Test Cases Master'!H4:H75, "Blocked") | H10: =COUNTIFS('E2E Test Cases Master'!B4:B75, "Autentikasi Ganda & Session", 'E2E Test Cases Master'!H4:H75, "Untested") | I10: =IF(D10>0, E10/D10, 0) | J10: =IF(I10>=1, "Ready for Production", IF(I10>=0.75, "Acceptable / In Review", "Action Required"))
A11: 2 | B11: TENANT | C11: Multi-Company Isolation | D11: =COUNTIF('E2E Test Cases Master'!B4:B75, "Multi-Company Isolation") | E11: =COUNTIFS('E2E Test Cases Master'!B4:B75, "Multi-Company Isolation", 'E2E Test Cases Master'!H4:H75, "Pass") | F11: =COUNTIFS('E2E Test Cases Master'!B4:B75, "Multi-Company Isolation", 'E2E Test Cases Master'!H4:H75, "Fail") | G11: =COUNTIFS('E2E Test Cases Master'!B4:B75, "Multi-Company Isolation", 'E2E Test Cases Master'!H4:H75, "Blocked") | H11: =COUNTIFS('E2E Test Cases Master'!B4:B75, "Multi-Company Isolation", 'E2E Test Cases Master'!H4:H75, "Untested") | I11: =IF(D11>0, E11/D11, 0) | J11: =IF(I11>=1, "Ready for Production", IF(I11>=0.75, "Acceptable / In Review", "Action Required"))
A12: 3 | B12: PROJ | C12: Manajemen Proyek | D12: =COUNTIF('E2E Test Cases Master'!B4:B75, "Manajemen Proyek") | E12: =COUNTIFS('E2E Test Cases Master'!B4:B75, "Manajemen Proyek", 'E2E Test Cases Master'!H4:H75, "Pass") | F12: =COUNTIFS('E2E Test Cases Master'!B4:B75, "Manajemen Proyek", 'E2E Test Cases Master'!H4:H75, "Fail") | G12: =COUNTIFS('E2E Test Cases Master'!B4:B75, "Manajemen Proyek", 'E2E Test Cases Master'!H4:H75, "Blocked") | H12: =COUNTIFS('E2E Test Cases Master'!B4:B75, "Manajemen Proyek", 'E2E Test Cases Master'!H4:H75, "Untested") | I12: =IF(D12>0, E12/D12, 0) | J12: =IF(I12>=1, "Ready for Production", IF(I12>=0.75, "Acceptable / In Review", "Action Required"))
A13: 4 | B13: TASK | C13: Parenting & Hierarki Tugas | D13: =COUNTIF('E2E Test Cases Master'!B4:B75, "Parenting & Hierarki Tugas") | E13: =COUNTIFS('E2E Test Cases Master'!B4:B75, "Parenting & Hierarki Tugas", 'E2E Test Cases Master'!H4:H75, "Pass") | F13: =COUNTIFS('E2E Test Cases Master'!B4:B75, "Parenting & Hierarki Tugas", 'E2E Test Cases Master'!H4:H75, "Fail") | G13: =COUNTIFS('E2E Test Cases Master'!B4:B75, "Parenting & Hierarki Tugas", 'E2E Test Cases Master'!H4:H75, "Blocked") | H13: =COUNTIFS('E2E Test Cases Master'!B4:B75, "Parenting & Hierarki Tugas", 'E2E Test Cases Master'!H4:H75, "Untested") | I13: =IF(D13>0, E13/D13, 0) | J13: =IF(I13>=1, "Ready for Production", IF(I13>=0.75, "Acceptable / In Review", "Action Required"))
A14: 5 | B14: KANBAN | C14: Kanban Board Interaktif | D14: =COUNTIF('E2E Test Cases Master'!B4:B75, "Kanban Board Interaktif") | E14: =COUNTIFS('E2E Test Cases Master'!B4:B75, "Kanban Board Interaktif", 'E2E Test Cases Master'!H4:H75, "Pass") | F14: =COUNTIFS('E2E Test Cases Master'!B4:B75, "Kanban Board Interaktif", 'E2E Test Cases Master'!H4:H75, "Fail") | G14: =COUNTIFS('E2E Test Cases Master'!B4:B75, "Kanban Board Interaktif", 'E2E Test Cases Master'!H4:H75, "Blocked") | H14: =COUNTIFS('E2E Test Cases Master'!B4:B75, "Kanban Board Interaktif", 'E2E Test Cases Master'!H4:H75, "Untested") | I14: =IF(D14>0, E14/D14, 0) | J14: =IF(I14>=1, "Ready for Production", IF(I14>=0.75, "Acceptable / In Review", "Action Required"))
A15: 6 | B15: TIME | C15: Timesheet & Multi-Timer | D15: =COUNTIF('E2E Test Cases Master'!B4:B75, "Timesheet & Multi-Timer") | E15: =COUNTIFS('E2E Test Cases Master'!B4:B75, "Timesheet & Multi-Timer", 'E2E Test Cases Master'!H4:H75, "Pass") | F15: =COUNTIFS('E2E Test Cases Master'!B4:B75, "Timesheet & Multi-Timer", 'E2E Test Cases Master'!H4:H75, "Fail") | G15: =COUNTIFS('E2E Test Cases Master'!B4:B75, "Timesheet & Multi-Timer", 'E2E Test Cases Master'!H4:H75, "Blocked") | H15: =COUNTIFS('E2E Test Cases Master'!B4:B75, "Timesheet & Multi-Timer", 'E2E Test Cases Master'!H4:H75, "Untested") | I15: =IF(D15>0, E15/D15, 0) | J15: =IF(I15>=1, "Ready for Production", IF(I15>=0.75, "Acceptable / In Review", "Action Required"))
A16: 7 | B16: ATTEND | C16: Presensi & Rekonsiliasi | D16: =COUNTIF('E2E Test Cases Master'!B4:B75, "Presensi & Rekonsiliasi") | E16: =COUNTIFS('E2E Test Cases Master'!B4:B75, "Presensi & Rekonsiliasi", 'E2E Test Cases Master'!H4:H75, "Pass") | F16: =COUNTIFS('E2E Test Cases Master'!B4:B75, "Presensi & Rekonsiliasi", 'E2E Test Cases Master'!H4:H75, "Fail") | G16: =COUNTIFS('E2E Test Cases Master'!B4:B75, "Presensi & Rekonsiliasi", 'E2E Test Cases Master'!H4:H75, "Blocked") | H16: =COUNTIFS('E2E Test Cases Master'!B4:B75, "Presensi & Rekonsiliasi", 'E2E Test Cases Master'!H4:H75, "Untested") | I16: =IF(D16>0, E16/D16, 0) | J16: =IF(I16>=1, "Ready for Production", IF(I16>=0.75, "Acceptable / In Review", "Action Required"))
A17: 8 | B17: NOTE | C17: Catatan & Upload File | D17: =COUNTIF('E2E Test Cases Master'!B4:B75, "Catatan & Upload File") | E17: =COUNTIFS('E2E Test Cases Master'!B4:B75, "Catatan & Upload File", 'E2E Test Cases Master'!H4:H75, "Pass") | F17: =COUNTIFS('E2E Test Cases Master'!B4:B75, "Catatan & Upload File", 'E2E Test Cases Master'!H4:H75, "Fail") | G17: =COUNTIFS('E2E Test Cases Master'!B4:B75, "Catatan & Upload File", 'E2E Test Cases Master'!H4:H75, "Blocked") | H17: =COUNTIFS('E2E Test Cases Master'!B4:B75, "Catatan & Upload File", 'E2E Test Cases Master'!H4:H75, "Untested") | I17: =IF(D17>0, E17/D17, 0) | J17: =IF(I17>=1, "Ready for Production", IF(I17>=0.75, "Acceptable / In Review", "Action Required"))
A18: 9 | B18: EXCEL | C18: ClosedXML Interoperabilitas | D18: =COUNTIF('E2E Test Cases Master'!B4:B75, "ClosedXML Interoperabilitas") | E18: =COUNTIFS('E2E Test Cases Master'!B4:B75, "ClosedXML Interoperabilitas", 'E2E Test Cases Master'!H4:H75, "Pass") | F18: =COUNTIFS('E2E Test Cases Master'!B4:B75, "ClosedXML Interoperabilitas", 'E2E Test Cases Master'!H4:H75, "Fail") | G18: =COUNTIFS('E2E Test Cases Master'!B4:B75, "ClosedXML Interoperabilitas", 'E2E Test Cases Master'!H4:H75, "Blocked") | H18: =COUNTIFS('E2E Test Cases Master'!B4:B75, "ClosedXML Interoperabilitas", 'E2E Test Cases Master'!H4:H75, "Untested") | I18: =IF(D18>0, E18/D18, 0) | J18: =IF(I18>=1, "Ready for Production", IF(I18>=0.75, "Acceptable / In Review", "Action Required"))
A19: 10 | B19: TEAM | C19: Direktori Tim & Keanggotaan | D19: =COUNTIF('E2E Test Cases Master'!B4:B75, "Direktori Tim & Keanggotaan") | E19: =COUNTIFS('E2E Test Cases Master'!B4:B75, "Direktori Tim & Keanggotaan", 'E2E Test Cases Master'!H4:H75, "Pass") | F19: =COUNTIFS('E2E Test Cases Master'!B4:B75, "Direktori Tim & Keanggotaan", 'E2E Test Cases Master'!H4:H75, "Fail") | G19: =COUNTIFS('E2E Test Cases Master'!B4:B75, "Direktori Tim & Keanggotaan", 'E2E Test Cases Master'!H4:H75, "Blocked") | H19: =COUNTIFS('E2E Test Cases Master'!B4:B75, "Direktori Tim & Keanggotaan", 'E2E Test Cases Master'!H4:H75, "Untested") | I19: =IF(D19>0, E19/D19, 0) | J19: =IF(I19>=1, "Ready for Production", IF(I19>=0.75, "Acceptable / In Review", "Action Required"))
A20: 11 | B20: CAL | C20: Kalender Tugas Interaktif | D20: =COUNTIF('E2E Test Cases Master'!B4:B75, "Kalender Tugas Interaktif") | E20: =COUNTIFS('E2E Test Cases Master'!B4:B75, "Kalender Tugas Interaktif", 'E2E Test Cases Master'!H4:H75, "Pass") | F20: =COUNTIFS('E2E Test Cases Master'!B4:B75, "Kalender Tugas Interaktif", 'E2E Test Cases Master'!H4:H75, "Fail") | G20: =COUNTIFS('E2E Test Cases Master'!B4:B75, "Kalender Tugas Interaktif", 'E2E Test Cases Master'!H4:H75, "Blocked") | H20: =COUNTIFS('E2E Test Cases Master'!B4:B75, "Kalender Tugas Interaktif", 'E2E Test Cases Master'!H4:H75, "Untested") | I20: =IF(D20>0, E20/D20, 0) | J20: =IF(I20>=1, "Ready for Production", IF(I20>=0.75, "Acceptable / In Review", "Action Required"))
A21: 12 | B21: DEV | C21: Developer Tools | D21: =COUNTIF('E2E Test Cases Master'!B4:B75, "Developer Tools") | E21: =COUNTIFS('E2E Test Cases Master'!B4:B75, "Developer Tools", 'E2E Test Cases Master'!H4:H75, "Pass") | F21: =COUNTIFS('E2E Test Cases Master'!B4:B75, "Developer Tools", 'E2E Test Cases Master'!H4:H75, "Fail") | G21: =COUNTIFS('E2E Test Cases Master'!B4:B75, "Developer Tools", 'E2E Test Cases Master'!H4:H75, "Blocked") | H21: =COUNTIFS('E2E Test Cases Master'!B4:B75, "Developer Tools", 'E2E Test Cases Master'!H4:H75, "Untested") | I21: =IF(D21>0, E21/D21, 0) | J21: =IF(I21>=1, "Ready for Production", IF(I21>=0.75, "Acceptable / In Review", "Action Required"))
A22: 13 | B22: AUDIT | C22: Audit Trail Eksekutif | D22: =COUNTIF('E2E Test Cases Master'!B4:B75, "Audit Trail Eksekutif") | E22: =COUNTIFS('E2E Test Cases Master'!B4:B75, "Audit Trail Eksekutif", 'E2E Test Cases Master'!H4:H75, "Pass") | F22: =COUNTIFS('E2E Test Cases Master'!B4:B75, "Audit Trail Eksekutif", 'E2E Test Cases Master'!H4:H75, "Fail") | G22: =COUNTIFS('E2E Test Cases Master'!B4:B75, "Audit Trail Eksekutif", 'E2E Test Cases Master'!H4:H75, "Blocked") | H22: =COUNTIFS('E2E Test Cases Master'!B4:B75, "Audit Trail Eksekutif", 'E2E Test Cases Master'!H4:H75, "Untested") | I22: =IF(D22>0, E22/D22, 0) | J22: =IF(I22>=1, "Ready for Production", IF(I22>=0.75, "Acceptable / In Review", "Action Required"))
A23: 14 | B23: MASTER | C23: Master Data & Pengaturan | D23: =COUNTIF('E2E Test Cases Master'!B4:B75, "Master Data & Pengaturan") | E23: =COUNTIFS('E2E Test Cases Master'!B4:B75, "Master Data & Pengaturan", 'E2E Test Cases Master'!H4:H75, "Pass") | F23: =COUNTIFS('E2E Test Cases Master'!B4:B75, "Master Data & Pengaturan", 'E2E Test Cases Master'!H4:H75, "Fail") | G23: =COUNTIFS('E2E Test Cases Master'!B4:B75, "Master Data & Pengaturan", 'E2E Test Cases Master'!H4:H75, "Blocked") | H23: =COUNTIFS('E2E Test Cases Master'!B4:B75, "Master Data & Pengaturan", 'E2E Test Cases Master'!H4:H75, "Untested") | I23: =IF(D23>0, E23/D23, 0) | J23: =IF(I23>=1, "Ready for Production", IF(I23>=0.75, "Acceptable / In Review", "Action Required"))
A24: 15 | B24: GAME | C24: Gamifikasi & Master Badges | D24: =COUNTIF('E2E Test Cases Master'!B4:B75, "Gamifikasi & Master Badges") | E24: =COUNTIFS('E2E Test Cases Master'!B4:B75, "Gamifikasi & Master Badges", 'E2E Test Cases Master'!H4:H75, "Pass") | F24: =COUNTIFS('E2E Test Cases Master'!B4:B75, "Gamifikasi & Master Badges", 'E2E Test Cases Master'!H4:H75, "Fail") | G24: =COUNTIFS('E2E Test Cases Master'!B4:B75, "Gamifikasi & Master Badges", 'E2E Test Cases Master'!H4:H75, "Blocked") | H24: =COUNTIFS('E2E Test Cases Master'!B4:B75, "Gamifikasi & Master Badges", 'E2E Test Cases Master'!H4:H75, "Untested") | I24: =IF(D24>0, E24/D24, 0) | J24: =IF(I24>=1, "Ready for Production", IF(I24>=0.75, "Acceptable / In Review", "Action Required"))
A25: 16 | B25: NOTIF | C25: Notifikasi SMTP & Pengingat | D25: =COUNTIF('E2E Test Cases Master'!B4:B75, "Notifikasi SMTP & Pengingat") | E25: =COUNTIFS('E2E Test Cases Master'!B4:B75, "Notifikasi SMTP & Pengingat", 'E2E Test Cases Master'!H4:H75, "Pass") | F25: =COUNTIFS('E2E Test Cases Master'!B4:B75, "Notifikasi SMTP & Pengingat", 'E2E Test Cases Master'!H4:H75, "Fail") | G25: =COUNTIFS('E2E Test Cases Master'!B4:B75, "Notifikasi SMTP & Pengingat", 'E2E Test Cases Master'!H4:H75, "Blocked") | H25: =COUNTIFS('E2E Test Cases Master'!B4:B75, "Notifikasi SMTP & Pengingat", 'E2E Test Cases Master'!H4:H75, "Untested") | I25: =IF(D25>0, E25/D25, 0) | J25: =IF(I25>=1, "Ready for Production", IF(I25>=0.75, "Acceptable / In Review", "Action Required"))
A26: 17 | B26: SYNC | C26: Multi-Instance Sync | D26: =COUNTIF('E2E Test Cases Master'!B4:B75, "Multi-Instance Sync") | E26: =COUNTIFS('E2E Test Cases Master'!B4:B75, "Multi-Instance Sync", 'E2E Test Cases Master'!H4:H75, "Pass") | F26: =COUNTIFS('E2E Test Cases Master'!B4:B75, "Multi-Instance Sync", 'E2E Test Cases Master'!H4:H75, "Fail") | G26: =COUNTIFS('E2E Test Cases Master'!B4:B75, "Multi-Instance Sync", 'E2E Test Cases Master'!H4:H75, "Blocked") | H26: =COUNTIFS('E2E Test Cases Master'!B4:B75, "Multi-Instance Sync", 'E2E Test Cases Master'!H4:H75, "Untested") | I26: =IF(D26>0, E26/D26, 0) | J26: =IF(I26>=1, "Ready for Production", IF(I26>=0.75, "Acceptable / In Review", "Action Required"))
A27: 18 | B27: THEME | C27: Tema & Global Font Engine | D27: =COUNTIF('E2E Test Cases Master'!B4:B75, "Tema & Global Font Engine") | E27: =COUNTIFS('E2E Test Cases Master'!B4:B75, "Tema & Global Font Engine", 'E2E Test Cases Master'!H4:H75, "Pass") | F27: =COUNTIFS('E2E Test Cases Master'!B4:B75, "Tema & Global Font Engine", 'E2E Test Cases Master'!H4:H75, "Fail") | G27: =COUNTIFS('E2E Test Cases Master'!B4:B75, "Tema & Global Font Engine", 'E2E Test Cases Master'!H4:H75, "Blocked") | H27: =COUNTIFS('E2E Test Cases Master'!B4:B75, "Tema & Global Font Engine", 'E2E Test Cases Master'!H4:H75, "Untested") | I27: =IF(D27>0, E27/D27, 0) | J27: =IF(I27>=1, "Ready for Production", IF(I27>=0.75, "Acceptable / In Review", "Action Required"))
A28: 19 | B28: API | C28: REST API & Swagger Bearer | D28: =COUNTIF('E2E Test Cases Master'!B4:B75, "REST API & Swagger Bearer") | E28: =COUNTIFS('E2E Test Cases Master'!B4:B75, "REST API & Swagger Bearer", 'E2E Test Cases Master'!H4:H75, "Pass") | F28: =COUNTIFS('E2E Test Cases Master'!B4:B75, "REST API & Swagger Bearer", 'E2E Test Cases Master'!H4:H75, "Fail") | G28: =COUNTIFS('E2E Test Cases Master'!B4:B75, "REST API & Swagger Bearer", 'E2E Test Cases Master'!H4:H75, "Blocked") | H28: =COUNTIFS('E2E Test Cases Master'!B4:B75, "REST API & Swagger Bearer", 'E2E Test Cases Master'!H4:H75, "Untested") | I28: =IF(D28>0, E28/D28, 0) | J28: =IF(I28>=1, "Ready for Production", IF(I28>=0.75, "Acceptable / In Review", "Action Required"))
C29: TOTAL KESELURUHAN | D29: =SUM(D10:D28) | E29: =SUM(E10:E28) | F29: =SUM(F10:F28) | G29: =SUM(G10:G28) | H29: =SUM(H10:H28) | I29: =IF(D29>0, E29/D29, 0) | J29: =IF(I29>=0.98, "PASSED GATEKEEPER", "GATEKEEPER PENDING")

Sheet E2E Test Cases Master
A1: TaskWorker Pro — Master E2E Test Cases Repository (72 Test Cases)
A2: Mencakup Skenario Positif, Negatif, RBAC Security, dan Validasi Data Lintas 19 Modul
A3: Test Case ID | B3: Nama Modul | C3: Judul Skenario Pengujian | D3: Tipe Skenario | E3: Tingkat Keparahan | F3: Langkah Pengujian (Test Steps) | G3: Hasil Yang Diharapkan (Expected Result) | H3: Status Hasil | I3: Siklus Uji | J3: Tanggal Eksekusi | K3: Tester / PIC
A4: TC-AUTH-01 | B4: Autentikasi Ganda & Session | C4: Login pengguna kredensial valid | D4: Positive | E4: Blocker | F4: 1. Akses halaman /login 2. Masukkan email & password benar 3. Klik Masuk | G4: Pengguna berhasil login, JWT token tersimpan, redirect ke /dashboard | H4: Pass | I4: Smoke/Sanity | J4: 2026-10-17 | K4: QA Lead
A5: TC-AUTH-02 | B5: Autentikasi Ganda & Session | C5: Proteksi brute-force lockout 5x | D5: Negative | E5: Major | F5: 1. Input password salah 5 kali berturut-turut pada akun yang sama | G5: Akun terkunci otomatis selama 15 menit, pesan 'Account locked out' muncul | H5: Pass | I5: Full E2E Sprint | J5: 2026-10-17 | K5: Security QA
A6: TC-AUTH-03 | B6: Autentikasi Ganda & Session | C6: Pembaruan token remember-me | D6: Positive | E6: Moderate | F6: 1. Centang 'Ingat Saya' saat login 2. Tutup tab peramban dan buka kembali setelah 1 jam | G6: Sesi login tetap aktif tanpa harus mengetik ulang kredensial | H6: Pass | I6: Full E2E Sprint | J6: 2026-10-17 | K6: QA Engineer
A7: TC-AUTH-04 | B7: Autentikasi Ganda & Session | C7: Force logout pasca revokasi session | D7: Security/RBAC | E7: Major | F7: 1. Buka sesi aktif di Device A 2. Lakukan 'Keluar dari Semua Sesi' di Profil Akun Device B | G7: Sesi di Device A otomatis terputus dan diarahkan ke login | H7: Pass | I7: Full E2E Sprint | J7: 2026-10-17 | K7: Security QA
A8: TC-TENANT-01 | B8: Multi-Company Isolation | C8: Isolasi data tenant per Corporate Code | D8: Security/RBAC | E8: Blocker | F8: 1. Login sebagai User PT Alpha 2. Query daftar proyek & tugas | G8: Hanya data dengan CompanyId PT Alpha yang tampil, data PT Beta tidak bocor | H8: Pass | I8: Multi-Company Regression | J8: 2026-10-17 | K8: Lead QA
A9: TC-TENANT-02 | B9: Multi-Company Isolation | C9: Penolakan akses data entitas lain (403) | D9: Security/RBAC | E9: Blocker | F9: 1. Login User PT Alpha 2. Akses URL /tasks/{id_milik_pt_beta} secara langsung | G9: Sistem mengembalikan respons 403 Forbidden atau 404 Not Found | H9: Pass | I9: Multi-Company Regression | J9: 2026-10-17 | K9: Security QA
A10: TC-TENANT-03 | B10: Multi-Company Isolation | C10: Filter multi-tenant pada laporan & analitik | D10: Positive | E10: Major | F10: 1. Buka halaman Timesheet & Kalender 2. Periksa agregasi jam kerja | G10: Total jam dan grafik hanya menghitung data dari perusahaan aktif | H10: Pass | I10: Multi-Company Regression | J10: 2026-10-17 | K10: QA Engineer
A11: TC-TENANT-04 | B11: Multi-Company Isolation | C11: SuperAdmin mengelola multiple corporate code | D11: Positive | E11: Moderate | F11: 1. Login sebagai Administrator Utama 2. Buka Master Data Perusahaan 3. Switch context | G11: Administrator dapat meninjau statistik tiap tenant tanpa tumpang tindih data | H11: Pass | I11: Full E2E Sprint | J11: 2026-10-17 | K11: Lead QA
A12: TC-PROJ-01 | B12: Manajemen Proyek | C12: Pembuatan proyek baru dengan alokasi budget | D12: Positive | E12: Major | F12: 1. Buka /projects 2. Klik Tambah Proyek 3. Isi nama, budget Rp 50jt, deadline, PM 4. Simpan | G12: Proyek berhasil dibuat dengan badge status Active dan budget tercatat | H12: Pass | I12: Full E2E Sprint | J12: 2026-10-17 | K12: QA Engineer
A13: TC-PROJ-02 | B13: Manajemen Proyek | C13: Pengawasan biaya aktual (Actual Cost) terakumulasi | D13: Data Validation | E13: Major | F13: 1. Catat sesi kerja timesheet pada tugas di dalam proyek 2. Buka /projects/{id} | G13: Actual Cost ter-update otomatis sesuai rate per jam anggota tim | H13: Pass | I13: Full E2E Sprint | J13: 2026-10-17 | K13: QA Engineer
A14: TC-PROJ-03 | B14: Manajemen Proyek | C14: Validasi target deadline sebelum start date | D14: Negative | E14: Minor | F14: 1. Masukkan Deadline lebih awal daripada Tanggal Mulai Proyek | G14: Form menampilkan pesan validasi 'Deadline tidak boleh sebelum tanggal mulai' | H14: Pass | I14: Full E2E Sprint | J14: 2026-10-17 | K14: QA Engineer
... A77: TC-API-03 | B77: REST API & Swagger Bearer | C77: Validasi penanganan payload BadRequest (400) | D77: Negative | E77: Moderate | F77: 1. POST /api/tasks dengan field Title kosong | G77: API merespons 400 Bad Request dengan rincian validation problem details | H77: Pass | I77: Full E2E Sprint | J77: 2026-10-17 | K77: QA Engineer

Sheet Execution Cycles
A1: TaskWorker Pro — QA Execution Cycles & Test Runs Schedule
A2: Pelacakan Siklus Pengujian Terjadwal Sebelum Deployment Staging & Production
A3: Cycle ID | B3: Nama Siklus Pengujian | C3: Tujuan Siklus | D3: Lingkup Modul | E3: Target Waktu | F3: Total Test Cases | G3: Hasil & Pass Rate | H3: Status Siklus
A4: CYC-01 | B4: Smoke & Sanity Testing | C4: Verifikasi kesehatan build & fungsi vital | D4: Auth, Health check, Core Layout | E4: 30 Menit | F4: 10 | G4: 10 / 10 (100%) | H4: Completed
A5: CYC-02 | B5: Multi-Company Regression | C5: Validasi isolasi ketat antar tenant entitas | D5: Tenant, Project, Task, Attendance | E5: 2 Jam | F5: 14 | G5: 14 / 14 (100%) | H5: Completed
A6: CYC-03 | B6: ClosedXML ARMS Interop | C6: Validasi integritas impor/ekspor 9 & 21 kolom | D6: Excel, ClosedXML Engine, Task WBS | E6: 2 Jam | F6: 8 | G6: 8 / 8 (100%) | H6: Completed
A7: CYC-04 | B7: Full E2E Sprint Testing | C7: Pengujian menyeluruh 19 modul aplikasi | D7: Seluruh 19 Modul Sistem | E7: 8 Jam | F7: 72 | G7: 72 / 72 (100%) | H7: Completed
A8: CYC-05 | B8: User Acceptance Testing (UAT) | C8: Verifikasi penerimaan oleh Product Owner | D8: Alur Kerja Nyata Pengguna | E8: 4 Jam | F8: 25 | G8: 25 / 25 (100%) | H8: Signed-Off

Sheet Defect Log
A1: TaskWorker Pro — Comprehensive QA Defect & Issue Tracker
A2: Pencatatan Temuan Cacat, Tingkat Keparahan, Penugasan Developer, dan Status Perbaikan
A3: Defect ID | B3: Ref Test Case ID | C3: Modul Terkait | D3: Deskripsi Temuan Bug | E3: Keparahan (Severity) | F3: Status Bug | G3: Dilaporkan Oleh | H3: Ditugaskan Ke | I3: Tanggal Temuan | J3: Versi Perbaikan
A4: BUG-001 | B4: TC-GAME-02 | C4: Gamifikasi & Master Badges | D4: Streak check-in sempat reset saat jarak 1.5 hari karena kalkulasi jam zona waktu UTC | E4: Major | F4: Resolved | G4: QA Lead | H4: Backend Dev | I4: 2026-10-15 | J4: v2.0.1
A5: BUG-002 | B5: TC-SYNC-03 | C5: Multi-Instance Sync | D5: Validasi Zip-Slip path traversal melempar unhandled exception bukan 400 Json | E5: Blocker | F5: Resolved | G5: Security QA | H5: Core Dev | I5: 2026-10-16 | J5: v2.0.1
A6: BUG-003 | B6: TC-EXCEL-02 | C6: ClosedXML Interoperabilitas | D6: Header kolom ARMS 21 ke-18 terpotong jika nama activity code terlalu panjang | E6: Moderate | F6: Resolved | G6: QA Engineer | H6: Backend Dev | I6: 2026-10-16 | J6: v2.0.1
A7: BUG-004 | B7: TC-THEME-01 | C7: Tema & Global Font Engine | D7: Animasi transisi font di safari browser mengalami flicker sesaat saat switch | E7: Minor | F7: Resolved | G7: Frontend QA | H7: UI Dev | I7: 2026-10-17 | J7: v2.0.2
